namedLocation,date,siteID,plotID,plotType,nlcdClass,decimalLatitude,decimalLongitude,geodeticDatum,eventID,treesPresent,shrubsPresent,lianasPresent,totalSampledAreaTrees,totalSampledAreaShrubSapling,totalSampledAreaLiana,recordedBy
BART_042.basePlot.vst,2015-06-06,BART,BART_042,tower,deciduousForest,44.060186,-71.288047,WGS84,vst_BART_2015,NA,NA,NA,800,400,800,wmtulGhdefWiPr5g1VRF0YnRBawgSBx1
BART_047.basePlot.vst,2015-07-16,BART,BART_047,tower,deciduousForest,44.064958,-71.290866,WGS84,vst_BART_2015,NA,NA,NA,800,400,800,XdV86USKkiYZfb6rmwpnK/f2Yah5qnQO
BART_047.basePlot.vst,2015-07-21,BART,BART_047,tower,deciduousForest,44.064958,-71.290866,WGS84,vst_BART_2015,NA,NA,NA,800,400,800,XdV86USKkiYZfb6rmwpnK/f2Yah5qnQO
BART_034.basePlot.vst,2015-07-22,BART,BART_034,tower,mixedForest,44.064283,-71.285609,WGS84,vst_BART_2015,NA,NA,NA,800,400,800,bWvVSKjgptV89BwHA3h10JNaeV+PHmDU
BART_041.basePlot.vst,2015-07-22,BART,BART_041,tower,deciduousForest,44.06534,-71.285606,WGS84,vst_BART_2015,NA,NA,NA,800,400,800,MRgCvwP2WueoGZahvpQXNZ+be1CYdCGm
BART_033.basePlot.vst,2015-07-22,BART,BART_033,tower,deciduousForest,44.063204,-71.283666,WGS84,vst_BART_2015,NA,NA,NA,800,100,800,XdV86USKkiYZfb6rmwpnK/f2Yah5qnQO
BART_041.basePlot.vst,2015-07-22,BART,BART_041,tower,deciduousForest,44.06534,-71.285606,WGS84,vst_BART_2015,NA,NA,NA,800,400,800,MRgCvwP2WueoGZahvpQXNZ+be1CYdCGm
BART_070.basePlot.vst,2015-07-23,BART,BART_070,tower,mixedForest,44.064339,-71.281445,WGS84,vst_BART_2015,NA,NA,NA,800,400,800,xLZ+YqMrzOOIoCWuzuptWcn+zeO8dPFj
BART_033.basePlot.vst,2015-07-23,BART,BART_033,tower,deciduousForest,44.063204,-71.283666,WGS84,vst_BART_2015,NA,NA,NA,800,100,800,XdV86USKkiYZfb6rmwpnK/f2Yah5qnQO
BART_073.basePlot.vst,2015-07-28,BART,BART_073,tower,mixedForest,44.06477,-71.28861,WGS84,vst_BART_2015,NA,NA,NA,800,100,800,wmtulGhdefWiPr5g1VRF0YnRBawgSBx1
BART_040.basePlot.vst,2015-07-28,BART,BART_040,tower,deciduousForest,44.065761,-71.291993,WGS84,vst_BART_2015,NA,NA,NA,800,100,800,MRgCvwP2WueoGZahvpQXNZ+be1CYdCGm
BART_040.basePlot.vst,2015-07-29,BART,BART_040,tower,deciduousForest,44.065761,-71.291993,WGS84,vst_BART_2015,NA,NA,NA,800,100,800,MRgCvwP2WueoGZahvpQXNZ+be1CYdCGm
BART_071.basePlot.vst,2015-08-04,BART,BART_071,tower,mixedForest,44.067946,-71.29062,WGS84,vst_BART_2015,NA,NA,NA,800,100,800,XdV86USKkiYZfb6rmwpnK/f2Yah5qnQO
BART_039.basePlot.vst,2015-08-04,BART,BART_039,tower,deciduousForest,44.063683,-71.288953,WGS84,vst_BART_2015,NA,NA,NA,800,400,800,bWvVSKjgptV89BwHA3h10JNaeV+PHmDU
BART_071.basePlot.vst,2015-08-04,BART,BART_071,tower,mixedForest,44.067946,-71.29062,WGS84,vst_BART_2015,NA,NA,NA,800,100,800,XdV86USKkiYZfb6rmwpnK/f2Yah5qnQO
BART_039.basePlot.vst,2015-08-04,BART,BART_039,tower,deciduousForest,44.063683,-71.288953,WGS84,vst_BART_2015,NA,NA,NA,800,400,800,bWvVSKjgptV89BwHA3h10JNaeV+PHmDU
BART_051.basePlot.vst,2015-08-04,BART,BART_051,tower,deciduousForest,44.062849,-71.287737,WGS84,vst_BART_2015,NA,NA,NA,800,100,800,bWvVSKjgptV89BwHA3h10JNaeV+PHmDU
BART_050.basePlot.vst,2015-08-05,BART,BART_050,tower,mixedForest,44.061507,-71.2877,WGS84,vst_BART_2015,NA,NA,NA,800,400,800,XdV86USKkiYZfb6rmwpnK/f2Yah5qnQO
BART_032.basePlot.vst,2015-08-05,BART,BART_032,tower,deciduousForest,44.067479,-71.287582,WGS84,vst_BART_2015,NA,NA,NA,800,100,800,bWvVSKjgptV89BwHA3h10JNaeV+PHmDU
BART_071.basePlot.vst,2015-08-05,BART,BART_071,tower,mixedForest,44.067946,-71.29062,WGS84,vst_BART_2015,NA,NA,NA,800,100,800,XdV86USKkiYZfb6rmwpnK/f2Yah5qnQO
BART_071.basePlot.vst,2015-08-05,BART,BART_071,tower,mixedForest,44.067946,-71.29062,WGS84,vst_BART_2015,NA,NA,NA,800,100,800,XdV86USKkiYZfb6rmwpnK/f2Yah5qnQO
BART_042.basePlot.vst,2015-08-06,BART,BART_042,tower,deciduousForest,44.060186,-71.288047,WGS84,vst_BART_2015,NA,NA,NA,800,400,800,wmtulGhdefWiPr5g1VRF0YnRBawgSBx1
BART_032.basePlot.vst,2015-08-10,BART,BART_032,tower,deciduousForest,44.067479,-71.287582,WGS84,vst_BART_2015,NA,NA,NA,800,800,800,jRr6tAEXvh/2EP2nqxILjbvMaL6VMLwf
BART_071.basePlot.vst,2015-08-10,BART,BART_071,tower,mixedForest,44.067946,-71.29062,WGS84,vst_BART_2015,NA,NA,NA,800,400,800,XdV86USKkiYZfb6rmwpnK/f2Yah5qnQO
BART_040.basePlot.vst,2015-08-10,BART,BART_040,tower,deciduousForest,44.065761,-71.291993,WGS84,vst_BART_2015,NA,NA,NA,800,800,800,XdV86USKkiYZfb6rmwpnK/f2Yah5qnQO
BART_071.basePlot.vst,2015-08-10,BART,BART_071,tower,mixedForest,44.067946,-71.29062,WGS84,vst_BART_2015,NA,NA,NA,800,800,800,XdV86USKkiYZfb6rmwpnK/f2Yah5qnQO
BART_047.basePlot.vst,2015-08-11,BART,BART_047,tower,deciduousForest,44.064958,-71.290866,WGS84,vst_BART_2015,NA,NA,NA,800,800,800,XdV86USKkiYZfb6rmwpnK/f2Yah5qnQO
BART_075.basePlot.vst,2015-08-11,BART,BART_075,tower,mixedForest,44.059135,-71.286503,WGS84,vst_BART_2015,NA,NA,NA,800,800,800,XdV86USKkiYZfb6rmwpnK/f2Yah5qnQO
BART_042.basePlot.vst,2015-08-11,BART,BART_042,tower,deciduousForest,44.060186,-71.288047,WGS84,vst_BART_2015,NA,NA,NA,800,800,800,XdV86USKkiYZfb6rmwpnK/f2Yah5qnQO
BART_073.basePlot.vst,2015-08-11,BART,BART_073,tower,mixedForest,44.06477,-71.28861,WGS84,vst_BART_2015,NA,NA,NA,800,800,800,0BaChJNzD1Pxkb0KnkmK1zh8NvLNU8MM
BART_039.basePlot.vst,2015-08-11,BART,BART_039,tower,deciduousForest,44.063683,-71.288953,WGS84,vst_BART_2015,NA,NA,NA,800,800,800,afMynumrDJcbQNK5ece65stvlBUGBI24
BART_040.basePlot.vst,2015-08-11,BART,BART_040,tower,deciduousForest,44.065761,-71.291993,WGS84,vst_BART_2015,NA,NA,NA,800,800,800,XdV86USKkiYZfb6rmwpnK/f2Yah5qnQO
BART_075.basePlot.vst,2015-08-11,BART,BART_075,tower,mixedForest,44.059135,-71.286503,WGS84,vst_BART_2015,NA,NA,NA,800,800,800,XdV86USKkiYZfb6rmwpnK/f2Yah5qnQO
BART_075.basePlot.vst,2015-08-12,BART,BART_075,tower,mixedForest,44.059135,-71.286503,WGS84,vst_BART_2015,NA,NA,NA,800,400,800,afMynumrDJcbQNK5ece65stvlBUGBI24
BART_070.basePlot.vst,2015-08-12,BART,BART_070,tower,mixedForest,44.064339,-71.281445,WGS84,vst_BART_2015,NA,NA,NA,800,800,800,wmtulGhdefWiPr5g1VRF0YnRBawgSBx1
BART_050.basePlot.vst,2015-08-12,BART,BART_050,tower,mixedForest,44.061507,-71.2877,WGS84,vst_BART_2015,NA,NA,NA,800,800,800,wmtulGhdefWiPr5g1VRF0YnRBawgSBx1
BART_050.basePlot.vst,2015-08-12,BART,BART_050,tower,mixedForest,44.061507,-71.2877,WGS84,vst_BART_2015,NA,NA,NA,800,800,800,wmtulGhdefWiPr5g1VRF0YnRBawgSBx1
BART_070.basePlot.vst,2015-08-12,BART,BART_070,tower,mixedForest,44.064339,-71.281445,WGS84,vst_BART_2015,NA,NA,NA,800,800,800,wmtulGhdefWiPr5g1VRF0YnRBawgSBx1
BART_033.basePlot.vst,2015-08-12,BART,BART_033,tower,deciduousForest,44.063204,-71.283666,WGS84,vst_BART_2015,NA,NA,NA,800,800,800,wmtulGhdefWiPr5g1VRF0YnRBawgSBx1
BART_046.basePlot.vst,2015-08-13,BART,BART_046,tower,deciduousForest,44.059946,-71.28541,WGS84,vst_BART_2015,NA,NA,NA,800,400,800,XdV86USKkiYZfb6rmwpnK/f2Yah5qnQO
BART_001.basePlot.vst,2015-08-17,BART,BART_001,distributed,mixedForest,44.047077,-71.306658,WGS84,vst_BART_2015,NA,NA,NA,400,80,400,xYAz/hoNa4beHeF8Co82eF9aIjZ5mOeG
BART_072.basePlot.vst,2015-08-24,BART,BART_072,tower,deciduousForest,44.060736,-71.286195,WGS84,vst_BART_2015,NA,NA,NA,800,40,800,jRr6tAEXvh/2EP2nqxILjbvMaL6VMLwf
BART_044.basePlot.vst,2015-08-24,BART,BART_044,tower,deciduousForest,44.061037,-71.284327,WGS84,vst_BART_2015,NA,NA,NA,800,400,800,jRr6tAEXvh/2EP2nqxILjbvMaL6VMLwf
BART_074.basePlot.vst,2015-08-25,BART,BART_074,tower,mixedForest,44.060251,-71.283201,WGS84,vst_BART_2015,NA,NA,NA,800,100,800,jRr6tAEXvh/2EP2nqxILjbvMaL6VMLwf
BART_037.basePlot.vst,2015-08-25,BART,BART_037,tower,deciduousForest,44.061597,-71.283251,WGS84,vst_BART_2015,NA,NA,NA,800,400,800,wmtulGhdefWiPr5g1VRF0YnRBawgSBx1
BART_037.basePlot.vst,2015-08-26,BART,BART_037,tower,deciduousForest,44.061597,-71.283251,WGS84,vst_BART_2015,NA,NA,NA,800,400,800,XdV86USKkiYZfb6rmwpnK/f2Yah5qnQO
BART_044.basePlot.vst,2015-08-26,BART,BART_044,tower,deciduousForest,44.061037,-71.284327,WGS84,vst_BART_2015,NA,NA,NA,800,400,800,jRr6tAEXvh/2EP2nqxILjbvMaL6VMLwf
BART_036.basePlot.vst,2015-08-26,BART,BART_036,tower,deciduousForest,44.06208,-71.285876,WGS84,vst_BART_2015,NA,NA,NA,800,100,800,xYAz/hoNa4beHeF8Co82eF9aIjZ5mOeG
BART_044.basePlot.vst,2015-08-26,BART,BART_044,tower,deciduousForest,44.061037,-71.284327,WGS84,vst_BART_2015,NA,NA,NA,800,400,800,jRr6tAEXvh/2EP2nqxILjbvMaL6VMLwf
BART_040.basePlot.vst,2015-08-27,BART,BART_040,tower,deciduousForest,44.065761,-71.291993,WGS84,vst_BART_2015,NA,NA,NA,800,100,800,jRr6tAEXvh/2EP2nqxILjbvMaL6VMLwf
BART_073.basePlot.vst,2015-08-27,BART,BART_073,tower,mixedForest,44.06477,-71.28861,WGS84,vst_BART_2015,NA,NA,NA,800,100,800,xYAz/hoNa4aLDDbd1lMaudiMyWP7bnkv
BART_074.basePlot.vst,2015-08-27,BART,BART_074,tower,mixedForest,44.060251,-71.283201,WGS84,vst_BART_2015,NA,NA,NA,800,100,800,jRr6tAEXvh/2EP2nqxILjbvMaL6VMLwf
BART_073.basePlot.vst,2015-08-27,BART,BART_073,tower,mixedForest,44.06477,-71.28861,WGS84,vst_BART_2015,NA,NA,NA,800,100,800,jRr6tAEXvh/2EP2nqxILjbvMaL6VMLwf
BART_037.basePlot.vst,2015-08-27,BART,BART_037,tower,deciduousForest,44.061597,-71.283251,WGS84,vst_BART_2015,NA,NA,NA,800,400,800,XdV86USKkiYZfb6rmwpnK/f2Yah5qnQO
BART_042.basePlot.vst,2015-08-31,BART,BART_042,tower,deciduousForest,44.060186,-71.288047,WGS84,vst_BART_2015,NA,NA,NA,800,400,800,XdV86USKkiYZfb6rmwpnK/f2Yah5qnQO
BART_075.basePlot.vst,2015-08-31,BART,BART_075,tower,mixedForest,44.059135,-71.286503,WGS84,vst_BART_2015,NA,NA,NA,800,400,800,jRr6tAEXvh/2EP2nqxILjbvMaL6VMLwf
BART_072.basePlot.vst,2015-09-01,BART,BART_072,tower,deciduousForest,44.060736,-71.286195,WGS84,vst_BART_2015,NA,NA,NA,800,40,800,jRr6tAEXvh/2EP2nqxILjbvMaL6VMLwf
BART_072.basePlot.vst,2015-09-01,BART,BART_072,tower,deciduousForest,44.060736,-71.286195,WGS84,vst_BART_2015,NA,NA,NA,800,40,800,jRr6tAEXvh/2EP2nqxILjbvMaL6VMLwf
BART_036.basePlot.vst,2015-09-01,BART,BART_036,tower,deciduousForest,44.06208,-71.285876,WGS84,vst_BART_2015,NA,NA,NA,800,100,800,xLZ+YqMrzOOIoCWuzuptWcn+zeO8dPFj
BART_046.basePlot.vst,2015-09-01,BART,BART_046,tower,deciduousForest,44.059946,-71.28541,WGS84,vst_BART_2015,NA,NA,NA,800,400,800,MRgCvwP2WueoGZahvpQXNZ+be1CYdCGm
BART_040.basePlot.vst,2015-09-02,BART,BART_040,tower,deciduousForest,44.065761,-71.291993,WGS84,vst_BART_2015,NA,NA,NA,800,100,800,XdV86USKkiYZfb6rmwpnK/f2Yah5qnQO
BART_041.basePlot.vst,2015-09-02,BART,BART_041,tower,deciduousForest,44.06534,-71.285606,WGS84,vst_BART_2015,NA,NA,NA,800,400,800,XdV86USKkiYZfb6rmwpnK/f2Yah5qnQO
BART_051.basePlot.vst,2015-09-02,BART,BART_051,tower,deciduousForest,44.062849,-71.287737,WGS84,vst_BART_2015,NA,NA,NA,800,100,800,jRr6tAEXvh/2EP2nqxILjbvMaL6VMLwf
BART_039.basePlot.vst,2015-09-02,BART,BART_039,tower,deciduousForest,44.063683,-71.288953,WGS84,vst_BART_2015,NA,NA,NA,800,100,800,jRr6tAEXvh/2EP2nqxILjbvMaL6VMLwf
BART_050.basePlot.vst,2015-09-02,BART,BART_050,tower,mixedForest,44.061507,-71.2877,WGS84,vst_BART_2015,NA,NA,NA,800,400,800,XdV86USKkiYZfb6rmwpnK/f2Yah5qnQO
BART_050.basePlot.vst,2015-09-02,BART,BART_050,tower,mixedForest,44.061507,-71.2877,WGS84,vst_BART_2015,NA,NA,NA,800,400,800,afMynumrDJcbQNK5ece65stvlBUGBI24
BART_041.basePlot.vst,2015-09-02,BART,BART_041,tower,deciduousForest,44.06534,-71.285606,WGS84,vst_BART_2015,NA,NA,NA,800,400,800,afMynumrDJcbQNK5ece65stvlBUGBI24
BART_047.basePlot.vst,2015-09-02,BART,BART_047,tower,deciduousForest,44.064958,-71.290866,WGS84,vst_BART_2015,NA,NA,NA,800,400,800,XdV86USKkiYZfb6rmwpnK/f2Yah5qnQO
BART_034.basePlot.vst,2015-09-02,BART,BART_034,tower,mixedForest,44.064283,-71.285609,WGS84,vst_BART_2015,NA,NA,NA,800,400,800,jRr6tAEXvh/2EP2nqxILjbvMaL6VMLwf
BART_033.basePlot.vst,2015-09-03,BART,BART_033,tower,deciduousForest,44.063204,-71.283666,WGS84,vst_BART_2015,NA,NA,NA,800,100,800,MRgCvwP2WueoGZahvpQXNZ+be1CYdCGm
BART_047.basePlot.vst,2015-09-03,BART,BART_047,tower,deciduousForest,44.064958,-71.290866,WGS84,vst_BART_2015,NA,NA,NA,800,400,800,MRgCvwP2WueoGZahvpQXNZ+be1CYdCGm
BART_070.basePlot.vst,2015-09-03,BART,BART_070,tower,mixedForest,44.064339,-71.281445,WGS84,vst_BART_2015,NA,NA,NA,800,400,800,6HzkzFDdLaNgPi31AaqxNPsuI5nRHqWu
BART_032.basePlot.vst,2015-09-03,BART,BART_032,tower,deciduousForest,44.067479,-71.287582,WGS84,vst_BART_2015,NA,NA,NA,800,100,800,0BaChJNzD1Pxkb0KnkmK1zh8NvLNU8MM
BART_071.basePlot.vst,2015-09-03,BART,BART_071,tower,mixedForest,44.067946,-71.29062,WGS84,vst_BART_2015,NA,NA,NA,800,800,800,FXeeUI9aIn8X0VAR1BEIFKA+Tv3GsCYT
BART_032.basePlot.vst,2015-09-04,BART,BART_032,tower,deciduousForest,44.067479,-71.287582,WGS84,vst_BART_2015,NA,NA,NA,800,100,800,FXeeUI9aIn8X0VAR1BEIFKA+Tv3GsCYT
HARV_052.basePlot.vst,2015-07-27,HARV,HARV_052,tower,mixedForest,42.54214,-72.176565,WGS84,vst_HARV_2015,NA,NA,NA,800,800,800,6HzkzFDdLaNgPi31AaqxNPsuI5nRHqWu
HARV_046.basePlot.vst,2015-07-27,HARV,HARV_046,tower,mixedForest,42.537915,-72.180751,WGS84,vst_HARV_2015,NA,NA,NA,800,800,800,6HzkzFDdLaNgPi31AaqxNPsuI5nRHqWu
HARV_035.basePlot.vst,2015-07-27,HARV,HARV_035,tower,evergreenForest,42.539971,-72.178087,WGS84,vst_HARV_2015,NA,NA,NA,800,800,800,6HzkzFDdLaNgPi31AaqxNPsuI5nRHqWu
HARV_048.basePlot.vst,2015-07-27,HARV,HARV_048,tower,mixedForest,42.54131,-72.178014,WGS84,vst_HARV_2015,NA,NA,NA,800,800,800,6HzkzFDdLaNgPi31AaqxNPsuI5nRHqWu
HARV_050.basePlot.vst,2015-07-27,HARV,HARV_050,tower,mixedForest,42.536276,-72.179361,WGS84,vst_HARV_2015,NA,NA,NA,800,800,800,6HzkzFDdLaNgPi31AaqxNPsuI5nRHqWu
HARV_049.basePlot.vst,2015-07-27,HARV,HARV_049,tower,mixedForest,42.535178,-72.17978,WGS84,vst_HARV_2015,NA,NA,NA,800,800,800,6HzkzFDdLaNgPi31AaqxNPsuI5nRHqWu
HARV_049.basePlot.vst,2015-07-27,HARV,HARV_049,tower,mixedForest,42.535178,-72.17978,WGS84,vst_HARV_2015,NA,NA,NA,800,800,800,6HzkzFDdLaNgPi31AaqxNPsuI5nRHqWu
HARV_043.basePlot.vst,2015-07-27,HARV,HARV_043,tower,evergreenForest,42.541039,-72.17658,WGS84,vst_HARV_2015,NA,NA,NA,800,800,800,6HzkzFDdLaNgPi31AaqxNPsuI5nRHqWu
HARV_037.basePlot.vst,2015-07-28,HARV,HARV_037,tower,evergreenForest,42.537318,-72.17932,WGS84,vst_HARV_2015,NA,NA,NA,800,800,800,6HzkzFDdLaNgPi31AaqxNPsuI5nRHqWu
HARV_040.basePlot.vst,2015-07-28,HARV,HARV_040,tower,mixedForest,42.539927,-72.175934,WGS84,vst_HARV_2015,NA,NA,NA,800,800,800,6HzkzFDdLaNgPi31AaqxNPsuI5nRHqWu
HARV_041.basePlot.vst,2015-07-28,HARV,HARV_041,tower,evergreenForest,42.536803,-72.180802,WGS84,vst_HARV_2015,NA,NA,NA,800,800,800,6HzkzFDdLaNgPi31AaqxNPsuI5nRHqWu
HARV_037.basePlot.vst,2015-07-28,HARV,HARV_037,tower,evergreenForest,42.537318,-72.17932,WGS84,vst_HARV_2015,NA,NA,NA,800,800,800,6HzkzFDdLaNgPi31AaqxNPsuI5nRHqWu
HARV_038.basePlot.vst,2015-07-28,HARV,HARV_038,tower,mixedForest,42.537345,-72.177876,WGS84,vst_HARV_2015,NA,NA,NA,800,800,800,6HzkzFDdLaNgPi31AaqxNPsuI5nRHqWu
HARV_034.basePlot.vst,2015-07-28,HARV,HARV_034,tower,evergreenForest,42.535693,-72.177962,WGS84,vst_HARV_2015,NA,NA,NA,800,800,800,MRgCvwP2WueoGZahvpQXNZ+be1CYdCGm
HARV_042.basePlot.vst,2015-07-28,HARV,HARV_042,tower,mixedForest,42.53418,-72.176562,WGS84,vst_HARV_2015,NA,NA,NA,800,800,800,MRgCvwP2WueoGZahvpQXNZ+be1CYdCGm
HARV_041.basePlot.vst,2015-07-28,HARV,HARV_041,tower,evergreenForest,42.536803,-72.180802,WGS84,vst_HARV_2015,NA,NA,NA,800,800,800,6HzkzFDdLaNgPi31AaqxNPsuI5nRHqWu
HARV_051.basePlot.vst,2015-07-28,HARV,HARV_051,tower,mixedForest,42.53409,-72.179145,WGS84,vst_HARV_2015,NA,NA,NA,800,800,800,MRgCvwP2WueoGZahvpQXNZ+be1CYdCGm
HARV_039.basePlot.vst,2015-07-28,HARV,HARV_039,tower,mixedForest,42.533244,-72.177698,WGS84,vst_HARV_2015,NA,NA,NA,800,800,800,MRgCvwP2WueoGZahvpQXNZ+be1CYdCGm
HARV_039.basePlot.vst,2015-07-28,HARV,HARV_039,tower,mixedForest,42.533244,-72.177698,WGS84,vst_HARV_2015,NA,NA,NA,800,800,800,MRgCvwP2WueoGZahvpQXNZ+be1CYdCGm
HARV_047.basePlot.vst,2015-07-28,HARV,HARV_047,tower,deciduousForest,42.536689,-72.175706,WGS84,vst_HARV_2015,NA,NA,NA,800,800,800,6HzkzFDdLaNgPi31AaqxNPsuI5nRHqWu
HARV_051.basePlot.vst,2015-07-28,HARV,HARV_051,tower,mixedForest,42.53409,-72.179145,WGS84,vst_HARV_2015,NA,NA,NA,800,800,800,MRgCvwP2WueoGZahvpQXNZ+be1CYdCGm
HARV_045.basePlot.vst,2015-07-29,HARV,HARV_045,tower,deciduousForest,42.542085,-72.171299,WGS84,vst_HARV_2015,NA,NA,NA,800,800,800,MRgCvwP2WueoGZahvpQXNZ+be1CYdCGm
HARV_027.basePlot.vst,2015-07-29,HARV,HARV_027,distributed,evergreenForest,42.430357,-72.253256,WGS84,vst_HARV_2015,NA,NA,NA,400,400,400,MRgCvwP2WueoGZahvpQXNZ+be1CYdCGm
HARV_033.basePlot.vst,2015-07-29,HARV,HARV_033,tower,deciduousForest,42.53831,-72.175606,WGS84,vst_HARV_2015,NA,NA,NA,800,800,800,0BaChJNzD1Pxkb0KnkmK1zh8NvLNU8MM
HARV_045.basePlot.vst,2015-07-29,HARV,HARV_045,tower,deciduousForest,42.542085,-72.171299,WGS84,vst_HARV_2015,NA,NA,NA,800,800,800,MRgCvwP2WueoGZahvpQXNZ+be1CYdCGm
HARV_020.basePlot.vst,2015-07-29,HARV,HARV_020,distributed,woodyWetlands,42.436767,-72.228878,WGS84,vst_HARV_2015,NA,NA,NA,400,400,400,MRgCvwP2WueoGZahvpQXNZ+be1CYdCGm
HARV_044.basePlot.vst,2015-07-29,HARV,HARV_044,tower,deciduousForest,42.535382,-72.176499,WGS84,vst_HARV_2015,NA,NA,NA,800,800,800,MRgCvwP2WueoGZahvpQXNZ+be1CYdCGm
HARV_027.basePlot.vst,2015-07-29,HARV,HARV_027,distributed,evergreenForest,42.430357,-72.253256,WGS84,vst_HARV_2015,NA,NA,NA,400,400,400,MRgCvwP2WueoGZahvpQXNZ+be1CYdCGm
HARV_027.basePlot.vst,2015-07-29,HARV,HARV_027,distributed,evergreenForest,42.430357,-72.253256,WGS84,vst_HARV_2015,NA,NA,NA,400,400,400,MRgCvwP2WueoGZahvpQXNZ+be1CYdCGm
HARV_027.basePlot.vst,2015-07-29,HARV,HARV_027,distributed,evergreenForest,42.430357,-72.253256,WGS84,vst_HARV_2015,NA,NA,NA,400,400,400,MRgCvwP2WueoGZahvpQXNZ+be1CYdCGm
HARV_033.basePlot.vst,2015-07-29,HARV,HARV_033,tower,deciduousForest,42.53831,-72.175606,WGS84,vst_HARV_2015,NA,NA,NA,800,800,800,0BaChJNzD1O/qR/dfeAVeNMh6h48zrv5
HARV_047.basePlot.vst,2015-07-29,HARV,HARV_047,tower,deciduousForest,42.536689,-72.175706,WGS84,vst_HARV_2015,NA,NA,NA,800,800,800,6HzkzFDdLaNgPi31AaqxNPsuI5nRHqWu
HARV_016.basePlot.vst,2015-07-30,HARV,HARV_016,distributed,woodyWetlands,42.45848,-72.232,WGS84,vst_HARV_2015,NA,NA,NA,400,400,400,0BaChJNzD1Pxkb0KnkmK1zh8NvLNU8MM
HARV_016.basePlot.vst,2015-07-30,HARV,HARV_016,distributed,woodyWetlands,42.45848,-72.232,WGS84,vst_HARV_2015,NA,NA,NA,400,400,400,0BaChJNzD1Pxkb0KnkmK1zh8NvLNU8MM
HARV_011.basePlot.vst,2015-07-30,HARV,HARV_011,distributed,deciduousForest,42.455939,-72.238279,WGS84,vst_HARV_2015,NA,NA,NA,400,400,400,0BaChJNzD1O/qR/dfeAVeNMh6h48zrv5
HARV_016.basePlot.vst,2015-07-30,HARV,HARV_016,distributed,woodyWetlands,42.45848,-72.232,WGS84,vst_HARV_2015,NA,NA,NA,400,400,400,0BaChJNzD1Pxkb0KnkmK1zh8NvLNU8MM
HARV_006.basePlot.vst,2015-08-24,HARV,HARV_006,distributed,deciduousForest,42.403097,-72.253722,WGS84,vst_HARV_2015,NA,NA,NA,400,400,400,XdV86USKkiYZfb6rmwpnK/f2Yah5qnQO
HARV_006.basePlot.vst,2015-08-26,HARV,HARV_006,distributed,deciduousForest,42.403097,-72.253722,WGS84,vst_HARV_2015,NA,NA,NA,400,400,400,bWvVSKjgptV89BwHA3h10JNaeV+PHmDU
HARV_004.basePlot.vst,2015-08-27,HARV,HARV_004,distributed,mixedForest,42.427091,-72.229737,WGS84,vst_HARV_2015,NA,NA,NA,400,80,400,bWvVSKjgptV89BwHA3h10JNaeV+PHmDU
HARV_006.basePlot.vst,2015-08-27,HARV,HARV_006,distributed,deciduousForest,42.403097,-72.253722,WGS84,vst_HARV_2015,NA,NA,NA,400,400,400,bWvVSKjgptV89BwHA3h10JNaeV+PHmDU
HARV_004.basePlot.vst,2015-08-27,HARV,HARV_004,distributed,mixedForest,42.427091,-72.229737,WGS84,vst_HARV_2015,NA,NA,NA,400,80,400,bWvVSKjgptV89BwHA3h10JNaeV+PHmDU
HARV_008.basePlot.vst,2015-09-03,HARV,HARV_008,distributed,deciduousForest,42.444569,-72.22608,WGS84,vst_HARV_2015,NA,NA,NA,400,80,400,0uwWHUCkGoRVT9RpJxngFjI8cZrsFWgn
HARV_008.basePlot.vst,2015-09-03,HARV,HARV_008,distributed,deciduousForest,42.444569,-72.22608,WGS84,vst_HARV_2015,NA,NA,NA,400,80,400,0uwWHUCkGoRVT9RpJxngFjI8cZrsFWgn
HARV_022.basePlot.vst,2015-09-03,HARV,HARV_022,distributed,evergreenForest,42.434194,-72.198778,WGS84,vst_HARV_2015,NA,NA,NA,400,200,400,FXeeUI9aIn8X0VAR1BEIFKA+Tv3GsCYT
HARV_027.basePlot.vst,2015-09-16,HARV,HARV_027,distributed,evergreenForest,42.430357,-72.253256,WGS84,vst_HARV_2015,NA,NA,NA,400,400,400,9/lkABCL2n4b6r19n9Zi1qNJWAzd94Zk
HARV_008.basePlot.vst,2015-09-17,HARV,HARV_008,distributed,deciduousForest,42.444569,-72.22608,WGS84,vst_HARV_2015,NA,NA,NA,400,80,400,0uwWHUCkGoRVT9RpJxngFjI8cZrsFWgn
HARV_008.basePlot.vst,2015-09-17,HARV,HARV_008,distributed,deciduousForest,42.444569,-72.22608,WGS84,vst_HARV_2015,NA,NA,NA,400,80,400,0uwWHUCkGoRVT9RpJxngFjI8cZrsFWgn
HARV_020.basePlot.vst,2015-09-21,HARV,HARV_020,distributed,woodyWetlands,42.436767,-72.228878,WGS84,vst_HARV_2015,NA,NA,NA,400,200,400,MRgCvwP2WueoGZahvpQXNZ+be1CYdCGm
HARV_013.basePlot.vst,2015-09-21,HARV,HARV_013,distributed,evergreenForest,42.39229,-72.25461,WGS84,vst_HARV_2015,NA,NA,NA,400,400,400,6HzkzFDdLaNgPi31AaqxNPsuI5nRHqWu
HARV_011.basePlot.vst,2015-09-22,HARV,HARV_011,distributed,deciduousForest,42.455939,-72.238279,WGS84,vst_HARV_2015,NA,NA,NA,400,80,400,wmtulGhdefWiPr5g1VRF0YnRBawgSBx1
HARV_020.basePlot.vst,2015-09-22,HARV,HARV_020,distributed,woodyWetlands,42.436767,-72.228878,WGS84,vst_HARV_2015,NA,NA,NA,400,200,400,MRgCvwP2WueoGZahvpQXNZ+be1CYdCGm
HARV_026.basePlot.vst,2015-09-22,HARV,HARV_026,distributed,evergreenForest,42.410787,-72.247263,WGS84,vst_HARV_2015,NA,NA,NA,400,80,400,MRgCvwP2WueoGZahvpQXNZ+be1CYdCGm
HARV_012.basePlot.vst,2015-09-22,HARV,HARV_012,distributed,deciduousForest,42.429498,-72.239809,WGS84,vst_HARV_2015,NA,NA,NA,400,80,400,aJjM6Ib7Q/GDLb8JyiXIxXYT9Z/r85Ze
HARV_023.basePlot.vst,2015-09-23,HARV,HARV_023,distributed,evergreenForest,42.41433,-72.2266,WGS84,vst_HARV_2015,NA,NA,NA,400,80,400,aJjM6Ib7Q/GDLb8JyiXIxXYT9Z/r85Ze
HARV_023.basePlot.vst,2015-09-23,HARV,HARV_023,distributed,evergreenForest,42.41433,-72.2266,WGS84,vst_HARV_2015,NA,NA,NA,400,80,400,MRgCvwP2WueoGZahvpQXNZ+be1CYdCGm
HARV_022.basePlot.vst,2015-09-23,HARV,HARV_022,distributed,evergreenForest,42.434194,-72.198778,WGS84,vst_HARV_2015,NA,NA,NA,400,200,400,FXeeUI9aIn8X0VAR1BEIFKA+Tv3GsCYT
HARV_022.basePlot.vst,2015-09-24,HARV,HARV_022,distributed,evergreenForest,42.434194,-72.198778,WGS84,vst_HARV_2015,NA,NA,NA,400,200,400,FXeeUI9aIn8X0VAR1BEIFKA+Tv3GsCYT
HARV_022.basePlot.vst,2015-09-24,HARV,HARV_022,distributed,evergreenForest,42.434194,-72.198778,WGS84,vst_HARV_2015,NA,NA,NA,400,200,400,FXeeUI9aIn8X0VAR1BEIFKA+Tv3GsCYT
HARV_002.basePlot.vst,2015-09-28,HARV,HARV_002,distributed,deciduousForest,42.478578,-72.259572,WGS84,vst_HARV_2015,NA,NA,NA,400,80,400,MRgCvwP2WueoGZahvpQXNZ+be1CYdCGm
HARV_014.basePlot.vst,2015-09-29,HARV,HARV_014,distributed,mixedForest,42.471451,-72.265726,WGS84,vst_HARV_2015,NA,NA,NA,400,80,400,MRgCvwP2WueoGZahvpQXNZ+be1CYdCGm
HARV_024.basePlot.vst,2015-09-29,HARV,HARV_024,distributed,woodyWetlands,42.460002,-72.250871,WGS84,vst_HARV_2015,NA,NA,NA,400,80,400,FXeeUI9aIn8X0VAR1BEIFKA+Tv3GsCYT
HARV_016.basePlot.vst,2015-09-29,HARV,HARV_016,distributed,woodyWetlands,42.45848,-72.232,WGS84,vst_HARV_2015,NA,NA,NA,400,80,400,FXeeUI9aIn8X0VAR1BEIFKA+Tv3GsCYT
HARV_014.basePlot.vst,2015-10-01,HARV,HARV_014,distributed,mixedForest,42.471451,-72.265726,WGS84,vst_HARV_2015,NA,NA,NA,400,80,400,MRgCvwP2WueoGZahvpQXNZ+be1CYdCGm
HARV_021.basePlot.vst,2015-10-01,HARV,HARV_021,distributed,evergreenForest,42.45244,-72.2505,WGS84,vst_HARV_2015,NA,NA,NA,400,400,400,6HzkzFDdLaNgPi31AaqxNPsuI5nRHqWu
HARV_016.basePlot.vst,2015-10-01,HARV,HARV_016,distributed,woodyWetlands,42.45848,-72.232,WGS84,vst_HARV_2015,NA,NA,NA,400,80,400,FXeeUI9aIn8X0VAR1BEIFKA+Tv3GsCYT
HARV_043.basePlot.vst,2015-10-02,HARV,HARV_043,tower,evergreenForest,42.541039,-72.17658,WGS84,vst_HARV_2015,NA,NA,NA,800,400,800,MRgCvwP2WueoGZahvpQXNZ+be1CYdCGm
HARV_037.basePlot.vst,2015-10-08,HARV,HARV_037,tower,evergreenForest,42.537318,-72.17932,WGS84,vst_HARV_2015,NA,NA,NA,800,40,800,afMynumrDJcbQNK5ece65stvlBUGBI24
HARV_045.basePlot.vst,2015-10-20,HARV,HARV_045,tower,deciduousForest,42.542085,-72.171299,WGS84,vst_HARV_2015,NA,NA,NA,800,400,800,afMynumrDJcbQNK5ece65stvlBUGBI24
HARV_045.basePlot.vst,2015-10-20,HARV,HARV_045,tower,deciduousForest,42.542085,-72.171299,WGS84,vst_HARV_2015,NA,NA,NA,800,400,800,afMynumrDJcbQNK5ece65stvlBUGBI24
HARV_036.basePlot.vst,2015-10-21,HARV,HARV_036,tower,deciduousForest,42.542132,-72.17313,WGS84,vst_HARV_2015,NA,NA,NA,800,100,800,9/lkABCL2n4b6r19n9Zi1qNJWAzd94Zk
HARV_045.basePlot.vst,2015-10-21,HARV,HARV_045,tower,deciduousForest,42.542085,-72.171299,WGS84,vst_HARV_2015,NA,NA,NA,800,400,800,afMynumrDJcbQNK5ece65stvlBUGBI24
HARV_038.basePlot.vst,2015-10-21,HARV,HARV_038,tower,mixedForest,42.537345,-72.177876,WGS84,vst_HARV_2015,NA,NA,NA,800,400,800,afMynumrDJcbQNK5ece65stvlBUGBI24
HARV_036.basePlot.vst,2015-10-21,HARV,HARV_036,tower,deciduousForest,42.542132,-72.17313,WGS84,vst_HARV_2015,NA,NA,NA,800,100,800,9/lkABCL2n4b6r19n9Zi1qNJWAzd94Zk
HARV_041.basePlot.vst,2015-10-21,HARV,HARV_041,tower,evergreenForest,42.536803,-72.180802,WGS84,vst_HARV_2015,NA,NA,NA,800,400,800,afMynumrDJcbQNK5ece65stvlBUGBI24
HARV_036.basePlot.vst,2015-10-22,HARV,HARV_036,tower,deciduousForest,42.542132,-72.17313,WGS84,vst_HARV_2015,NA,NA,NA,800,100,800,9/lkABCL2n4b6r19n9Zi1qNJWAzd94Zk
HARV_050.basePlot.vst,2015-10-22,HARV,HARV_050,tower,mixedForest,42.536276,-72.179361,WGS84,vst_HARV_2015,NA,NA,NA,800,400,800,afMynumrDJcbQNK5ece65stvlBUGBI24
HARV_052.basePlot.vst,2015-10-22,HARV,HARV_052,tower,mixedForest,42.54214,-72.176565,WGS84,vst_HARV_2015,NA,NA,NA,800,800,800,afMynumrDJcbQNK5ece65stvlBUGBI24
HARV_048.basePlot.vst,2015-10-22,HARV,HARV_048,tower,mixedForest,42.54131,-72.178014,WGS84,vst_HARV_2015,NA,NA,NA,800,400,800,FXeeUI9aIn8X0VAR1BEIFKA+Tv3GsCYT
HARV_049.basePlot.vst,2015-10-23,HARV,HARV_049,tower,mixedForest,42.535178,-72.17978,WGS84,vst_HARV_2015,NA,NA,NA,800,400,800,9/lkABCL2n4b6r19n9Zi1qNJWAzd94Zk
HARV_049.basePlot.vst,2015-10-26,HARV,HARV_049,tower,mixedForest,42.535178,-72.17978,WGS84,vst_HARV_2015,NA,NA,NA,800,400,800,0uwWHUCkGoRVT9RpJxngFjI8cZrsFWgn
HARV_047.basePlot.vst,2015-10-26,HARV,HARV_047,tower,deciduousForest,42.536689,-72.175706,WGS84,vst_HARV_2015,NA,NA,NA,800,100,800,9/lkABCL2n4b6r19n9Zi1qNJWAzd94Zk
HARV_044.basePlot.vst,2015-10-27,HARV,HARV_044,tower,deciduousForest,42.535382,-72.176499,WGS84,vst_HARV_2015,NA,NA,NA,800,100,800,9/lkABCL2n4b6r19n9Zi1qNJWAzd94Zk
HARV_046.basePlot.vst,2015-11-03,HARV,HARV_046,tower,mixedForest,42.537915,-72.180751,WGS84,vst_HARV_2015,NA,NA,NA,800,40,800,9/lkABCL2n4b6r19n9Zi1qNJWAzd94Zk
HARV_040.basePlot.vst,2015-11-04,HARV,HARV_040,tower,mixedForest,42.539927,-72.175934,WGS84,vst_HARV_2015,NA,NA,NA,800,4,800,9/lkABCL2n4b6r19n9Zi1qNJWAzd94Zk
HARV_046.basePlot.vst,2015-11-04,HARV,HARV_046,tower,mixedForest,42.537915,-72.180751,WGS84,vst_HARV_2015,NA,NA,NA,800,40,800,9/lkABCL2n4b6r19n9Zi1qNJWAzd94Zk
HARV_033.basePlot.vst,2015-11-05,HARV,HARV_033,tower,deciduousForest,42.53831,-72.175606,WGS84,vst_HARV_2015,NA,NA,NA,800,400,800,9/lkABCL2n4b6r19n9Zi1qNJWAzd94Zk
HARV_051.basePlot.vst,2015-11-05,HARV,HARV_051,tower,mixedForest,42.53409,-72.179145,WGS84,vst_HARV_2015,NA,NA,NA,800,400,800,9/lkABCL2n4b6r19n9Zi1qNJWAzd94Zk
HARV_034.basePlot.vst,2015-11-13,HARV,HARV_034,tower,evergreenForest,42.535693,-72.177962,WGS84,vst_HARV_2015,NA,NA,NA,800,40,800,9/lkABCL2n4b6r19n9Zi1qNJWAzd94Zk
HARV_039.basePlot.vst,2015-11-17,HARV,HARV_039,tower,mixedForest,42.533244,-72.177698,WGS84,vst_HARV_2015,NA,NA,NA,800,400,800,9/lkABCL2n4b6r19n9Zi1qNJWAzd94Zk
HARV_042.basePlot.vst,2015-11-18,HARV,HARV_042,tower,mixedForest,42.53418,-72.176562,WGS84,vst_HARV_2015,NA,NA,NA,800,40,800,xYAz/hoNa4beHeF8Co82eF9aIjZ5mOeG
